filename,label
image_1.jpg,0
image_2.jpg,1
image_3.jpg,0
image_4.jpg,0
image_5.jpg,1
image_6.jpg,1
image_7.jpg,1
image_8.jpg,0
image_9.jpg,0
image_10.jpg,1
image_11.jpg,1
image_12.jpg,1
image_13.jpg,0
image_14.jpg,0
image_15.jpg,0
image_16.jpg,0
image_17.jpg,0
image_18.jpg,1
image_19.jpg,1
image_20.jpg,1
image_21.jpg,0
image_22.jpg,1
image_23.jpg,0
image_24.jpg,1
image_25.jpg,0
image_26.jpg,1
image_27.jpg,0
image_28.jpg,0
image_29.jpg,0
image_30.jpg,0
image_31.jpg,0
image_32.jpg,1
image_33.jpg,0
image_34.jpg,1
image_35.jpg,0
image_36.jpg,1
image_37.jpg,1
image_38.jpg,1
image_39.jpg,0
image_40.jpg,0
image_41.jpg,1
image_42.jpg,1
image_43.jpg,1
image_44.jpg,0
image_45.jpg,1
image_46.jpg,0
image_47.jpg,1
image_48.jpg,1
image_49.jpg,0
image_50.jpg,0
image_51.jpg,0
image_52.jpg,0
image_53.jpg,1
image_54.jpg,0
image_55.jpg,0
image_56.jpg,1
image_57.jpg,1
image_58.jpg,0
image_59.jpg,0
image_60.jpg,0
image_61.jpg,1
image_62.jpg,0
image_63.jpg,0
image_64.jpg,1
image_65.jpg,0
image_66.jpg,1
image_67.jpg,0
image_68.jpg,1
image_69.jpg,1
image_70.jpg,0
image_71.jpg,0
image_72.jpg,1
image_73.jpg,1
image_74.jpg,1
image_75.jpg,0
image_76.jpg,0
image_77.jpg,0
image_78.jpg,0
image_79.jpg,0
image_80.jpg,0
image_81.jpg,1
image_82.jpg,1
image_83.jpg,1
image_84.jpg,1
image_85.jpg,0
image_86.jpg,1
image_87.jpg,1
image_88.jpg,1
image_89.jpg,0
image_90.jpg,0
image_91.jpg,1
image_92.jpg,1
image_93.jpg,1
image_94.jpg,1
image_95.jpg,1
image_96.jpg,1
image_97.jpg,1
image_98.jpg,1
image_99.jpg,0
image_100.jpg,0
image_101.jpg,0
image_102.jpg,0
image_103.jpg,0
image_104.jpg,0
image_105.jpg,0
image_106.jpg,1
image_107.jpg,1
image_108.jpg,1
image_109.jpg,0
image_110.jpg,0
image_111.jpg,0
image_112.jpg,1
image_113.jpg,0
image_114.jpg,1
image_115.jpg,1
image_116.jpg,1
image_117.jpg,0
image_118.jpg,0
image_119.jpg,1
image_120.jpg,1
image_121.jpg,1
image_122.jpg,1
image_123.jpg,1
image_124.jpg,0
image_125.jpg,1
image_126.jpg,1
image_127.jpg,1
image_128.jpg,0
image_129.jpg,1
image_130.jpg,0
image_131.jpg,1
image_132.jpg,0
image_133.jpg,1
image_134.jpg,0
image_135.jpg,0
image_136.jpg,0
image_137.jpg,1
image_138.jpg,1
image_139.jpg,0
image_140.jpg,0
image_141.jpg,1
image_142.jpg,1
image_143.jpg,1
image_144.jpg,1
image_145.jpg,1
image_146.jpg,0
image_147.jpg,1
image_148.jpg,0
image_149.jpg,1
image_150.jpg,1
image_151.jpg,0
image_152.jpg,1
image_153.jpg,1
image_154.jpg,0
image_155.jpg,1
image_156.jpg,1
image_157.jpg,0
image_158.jpg,0
image_159.jpg,1
image_160.jpg,1
image_161.jpg,1
image_162.jpg,0
image_163.jpg,1
image_164.jpg,0
image_165.jpg,1
image_166.jpg,1
image_167.jpg,0
image_168.jpg,1
image_169.jpg,0
image_170.jpg,1
image_171.jpg,0
image_172.jpg,0
image_173.jpg,0
image_174.jpg,0
image_175.jpg,0
image_176.jpg,1
image_177.jpg,0
image_178.jpg,1
image_179.jpg,0
image_180.jpg,1
image_181.jpg,1
image_182.jpg,0
image_183.jpg,1
image_184.jpg,0
image_185.jpg,0
image_186.jpg,1
image_187.jpg,0
image_188.jpg,0
image_189.jpg,1
image_190.jpg,0
image_191.jpg,1
image_192.jpg,0
image_193.jpg,0
image_194.jpg,0
image_195.jpg,0
image_196.jpg,1
image_197.jpg,0
image_198.jpg,0
image_199.jpg,0
image_200.jpg,0
image_201.jpg,1
image_202.jpg,0
image_203.jpg,1
image_204.jpg,0
image_205.jpg,1
image_206.jpg,0
image_207.jpg,0
image_208.jpg,1
image_209.jpg,1
image_210.jpg,1
image_211.jpg,0
image_212.jpg,1
image_213.jpg,1
image_214.jpg,1
image_215.jpg,0
image_216.jpg,1
image_217.jpg,1
image_218.jpg,0
image_219.jpg,0
image_220.jpg,0
image_221.jpg,1
image_222.jpg,0
image_223.jpg,1
image_224.jpg,0
image_225.jpg,0
image_226.jpg,1
image_227.jpg,0
image_228.jpg,0
image_229.jpg,1
image_230.jpg,0
image_231.jpg,1
image_232.jpg,1
image_233.jpg,0
image_234.jpg,0
image_235.jpg,1
image_236.jpg,1
image_237.jpg,0
image_238.jpg,0
image_239.jpg,0
image_240.jpg,0
image_241.jpg,0
image_242.jpg,0
image_243.jpg,0
image_244.jpg,1
image_245.jpg,1
image_246.jpg,1
image_247.jpg,1
image_248.jpg,1
image_249.jpg,1
image_250.jpg,0
image_251.jpg,0
image_252.jpg,0
image_253.jpg,0
image_254.jpg,1
image_255.jpg,1
image_256.jpg,0
image_257.jpg,0
image_258.jpg,1
image_259.jpg,0
image_260.jpg,0
image_261.jpg,0
image_262.jpg,0
image_263.jpg,0
image_264.jpg,0
image_265.jpg,0
image_266.jpg,1
image_267.jpg,0
image_268.jpg,0
image_269.jpg,1
image_270.jpg,0
image_271.jpg,1
image_272.jpg,0
image_273.jpg,1
image_274.jpg,1
image_275.jpg,1
image_276.jpg,0
image_277.jpg,1
image_278.jpg,0
image_279.jpg,0
image_280.jpg,1
image_281.jpg,1
image_282.jpg,0
image_283.jpg,0
image_284.jpg,0
image_285.jpg,1
image_286.jpg,0
image_287.jpg,0
image_288.jpg,1
image_289.jpg,1
image_290.jpg,1
image_291.jpg,1
image_292.jpg,0
image_293.jpg,0
image_294.jpg,1
image_295.jpg,0
image_296.jpg,1
image_297.jpg,1
image_298.jpg,0
image_299.jpg,0
image_300.jpg,0
image_301.jpg,0
image_302.jpg,1
image_303.jpg,1
image_304.jpg,1
image_305.jpg,0
image_306.jpg,1
image_307.jpg,0
image_308.jpg,1
image_309.jpg,1
image_310.jpg,0
image_311.jpg,1
image_312.jpg,0
image_313.jpg,1
image_314.jpg,1
image_315.jpg,1
image_316.jpg,1
image_317.jpg,0
image_318.jpg,1
image_319.jpg,0
image_320.jpg,1
image_321.jpg,0
image_322.jpg,0
image_323.jpg,1
image_324.jpg,0
image_325.jpg,1
image_326.jpg,0
image_327.jpg,0
image_328.jpg,0
image_329.jpg,1
image_330.jpg,1
image_331.jpg,0
image_332.jpg,0
image_333.jpg,0
image_334.jpg,1
image_335.jpg,1
image_336.jpg,1
image_337.jpg,0
image_338.jpg,0
image_339.jpg,0
image_340.jpg,0
image_341.jpg,0
image_342.jpg,0
image_343.jpg,0
image_344.jpg,1
image_345.jpg,1
image_346.jpg,1
image_347.jpg,1
image_348.jpg,1
image_349.jpg,0
image_350.jpg,0
image_351.jpg,1
image_352.jpg,0
image_353.jpg,0
image_354.jpg,0
image_355.jpg,1
image_356.jpg,1
image_357.jpg,1
image_358.jpg,0
image_359.jpg,0
image_360.jpg,0
image_361.jpg,1
image_362.jpg,1
image_363.jpg,0
image_364.jpg,0
image_365.jpg,0
image_366.jpg,0
image_367.jpg,1
image_368.jpg,0
image_369.jpg,0
image_370.jpg,0
image_371.jpg,0
image_372.jpg,1
image_373.jpg,0
image_374.jpg,1
image_375.jpg,1
image_376.jpg,1
image_377.jpg,1
image_378.jpg,1
image_379.jpg,0
image_380.jpg,0
image_381.jpg,1
image_382.jpg,1
image_383.jpg,0
image_384.jpg,1
image_385.jpg,0
image_386.jpg,1
image_387.jpg,0
image_388.jpg,1
image_389.jpg,0
image_390.jpg,0
image_391.jpg,1
image_392.jpg,1
image_393.jpg,0
image_394.jpg,0
image_395.jpg,1
image_396.jpg,1
image_397.jpg,1
image_398.jpg,1
image_399.jpg,1
image_400.jpg,1
image_401.jpg,0
image_402.jpg,0
image_403.jpg,0
image_404.jpg,0
image_405.jpg,1
image_406.jpg,1
image_407.jpg,1
image_408.jpg,1
image_409.jpg,1
image_410.jpg,0
image_411.jpg,0
image_412.jpg,0
image_413.jpg,0
image_414.jpg,0
image_415.jpg,1
image_416.jpg,0
image_417.jpg,0
image_418.jpg,1
image_419.jpg,0
image_420.jpg,1
image_421.jpg,0
image_422.jpg,1
image_423.jpg,1
image_424.jpg,0
image_425.jpg,1
image_426.jpg,0
image_427.jpg,0
image_428.jpg,1
image_429.jpg,1
image_430.jpg,0
image_431.jpg,0
image_432.jpg,1
image_433.jpg,1
image_434.jpg,1
image_435.jpg,0
image_436.jpg,0
image_437.jpg,0
image_438.jpg,1
image_439.jpg,1
image_440.jpg,1
image_441.jpg,1
image_442.jpg,0
image_443.jpg,0
image_444.jpg,0
image_445.jpg,0
image_446.jpg,1
image_447.jpg,0
image_448.jpg,0
image_449.jpg,0
image_450.jpg,0
image_451.jpg,1
image_452.jpg,1
image_453.jpg,0
image_454.jpg,1
image_455.jpg,0
image_456.jpg,0
image_457.jpg,1
image_458.jpg,1
image_459.jpg,1
image_460.jpg,0
image_461.jpg,1
image_462.jpg,0
image_463.jpg,1
image_464.jpg,0
image_465.jpg,0
image_466.jpg,0
image_467.jpg,1
image_468.jpg,1
image_469.jpg,1
image_470.jpg,1
image_471.jpg,0
image_472.jpg,0
image_473.jpg,1
image_474.jpg,1
image_475.jpg,0
image_476.jpg,0
image_477.jpg,0
image_478.jpg,1
image_479.jpg,1
image_480.jpg,0
image_481.jpg,1
image_482.jpg,0
image_483.jpg,0
image_484.jpg,0
image_485.jpg,1
image_486.jpg,0
image_487.jpg,1
image_488.jpg,0
image_489.jpg,0
image_490.jpg,0
image_491.jpg,0
image_492.jpg,0
image_493.jpg,1
image_494.jpg,0
image_495.jpg,1
image_496.jpg,1
image_497.jpg,1
image_498.jpg,1
image_499.jpg,1
image_500.jpg,1
image_501.jpg,0
image_502.jpg,1
image_503.jpg,0
image_504.jpg,0
image_505.jpg,0
image_506.jpg,1
image_507.jpg,0
image_508.jpg,1
image_509.jpg,0
image_510.jpg,0
image_511.jpg,1
image_512.jpg,1
image_513.jpg,0
image_514.jpg,1
image_515.jpg,1
image_516.jpg,0
image_517.jpg,0
image_518.jpg,0
image_519.jpg,0
image_520.jpg,1
image_521.jpg,0
image_522.jpg,1
image_523.jpg,0
image_524.jpg,0
image_525.jpg,0
image_526.jpg,1
image_527.jpg,0
image_528.jpg,1
image_529.jpg,1
image_530.jpg,0
image_531.jpg,1
image_532.jpg,1
image_533.jpg,0
image_534.jpg,1
image_535.jpg,1
image_536.jpg,1
image_537.jpg,0
image_538.jpg,1
image_539.jpg,1
image_540.jpg,0
image_541.jpg,1
image_542.jpg,0
image_543.jpg,0
image_544.jpg,0
image_545.jpg,0
image_546.jpg,1
image_547.jpg,0
image_548.jpg,1
image_549.jpg,0
image_550.jpg,0
image_551.jpg,0
image_552.jpg,0
image_553.jpg,0
image_554.jpg,0
image_555.jpg,0
image_556.jpg,1
image_557.jpg,1
image_558.jpg,0
image_559.jpg,0
image_560.jpg,0
image_561.jpg,1
image_562.jpg,0
image_563.jpg,0
image_564.jpg,1
image_565.jpg,0
image_566.jpg,1
image_567.jpg,1
image_568.jpg,0
image_569.jpg,0
image_570.jpg,1
image_571.jpg,1
image_572.jpg,0
image_573.jpg,1
image_574.jpg,1
image_575.jpg,0
image_576.jpg,1
image_577.jpg,1
image_578.jpg,0
image_579.jpg,0
image_580.jpg,0
image_581.jpg,1
image_582.jpg,1
image_583.jpg,1
image_584.jpg,1
image_585.jpg,0
image_586.jpg,1
image_587.jpg,1
image_588.jpg,1
image_589.jpg,1
image_590.jpg,0
image_591.jpg,0
image_592.jpg,1
image_593.jpg,0
image_594.jpg,0
image_595.jpg,1
image_596.jpg,0
image_597.jpg,0
image_598.jpg,1
image_599.jpg,1
image_600.jpg,1
image_601.jpg,1
image_602.jpg,1
image_603.jpg,0
image_604.jpg,0
image_605.jpg,1
image_606.jpg,0
image_607.jpg,0
image_608.jpg,0
image_609.jpg,0
image_610.jpg,0
image_611.jpg,1
image_612.jpg,0
image_613.jpg,1
image_614.jpg,0
image_615.jpg,0
image_616.jpg,0
image_617.jpg,0
image_618.jpg,1
image_619.jpg,0
image_620.jpg,0
image_621.jpg,0
image_622.jpg,1
image_623.jpg,1
image_624.jpg,1
image_625.jpg,1
image_626.jpg,0
image_627.jpg,1
image_628.jpg,0
image_629.jpg,1
image_630.jpg,0
image_631.jpg,1
image_632.jpg,0
image_633.jpg,0
image_634.jpg,0
image_635.jpg,0
image_636.jpg,0
image_637.jpg,0
image_638.jpg,1
image_639.jpg,1
image_640.jpg,0
image_641.jpg,1
image_642.jpg,1
image_643.jpg,0
image_644.jpg,1
image_645.jpg,1
image_646.jpg,0
image_647.jpg,1
image_648.jpg,0
image_649.jpg,0
image_650.jpg,0
image_651.jpg,0
image_652.jpg,1
image_653.jpg,1
image_654.jpg,1
image_655.jpg,0
image_656.jpg,0
image_657.jpg,0
image_658.jpg,0
image_659.jpg,1
image_660.jpg,1
image_661.jpg,0
image_662.jpg,0
image_663.jpg,1
image_664.jpg,0
image_665.jpg,0
image_666.jpg,1
image_667.jpg,1
image_668.jpg,0
image_669.jpg,1
image_670.jpg,0
image_671.jpg,1
image_672.jpg,0
image_673.jpg,1
image_674.jpg,0
image_675.jpg,0
image_676.jpg,1
image_677.jpg,0
image_678.jpg,1
image_679.jpg,0
image_680.jpg,1
image_681.jpg,0
image_682.jpg,0
image_683.jpg,0
image_684.jpg,1
image_685.jpg,0
image_686.jpg,0
image_687.jpg,1
image_688.jpg,0
image_689.jpg,0
image_690.jpg,1
image_691.jpg,0
image_692.jpg,1
image_693.jpg,0
image_694.jpg,0
image_695.jpg,1
image_696.jpg,0
image_697.jpg,1
image_698.jpg,1
image_699.jpg,1
image_700.jpg,1
image_701.jpg,1
image_702.jpg,0
image_703.jpg,0
image_704.jpg,1
image_705.jpg,0
image_706.jpg,1
image_707.jpg,0
image_708.jpg,1
image_709.jpg,0
image_710.jpg,1
image_711.jpg,1
image_712.jpg,0
image_713.jpg,0
image_714.jpg,0
image_715.jpg,1
image_716.jpg,0
image_717.jpg,0
image_718.jpg,1
image_719.jpg,0
image_720.jpg,1
image_721.jpg,0
image_722.jpg,0
image_723.jpg,0
image_724.jpg,1
image_725.jpg,0
image_726.jpg,1
image_727.jpg,1
image_728.jpg,1
image_729.jpg,1
image_730.jpg,0
image_731.jpg,0
image_732.jpg,0
image_733.jpg,1
image_734.jpg,0
image_735.jpg,0
image_736.jpg,0
image_737.jpg,1
image_738.jpg,1
image_739.jpg,1
image_740.jpg,0
image_741.jpg,1
image_742.jpg,1
image_743.jpg,0
image_744.jpg,0
image_745.jpg,0
image_746.jpg,1
image_747.jpg,0
image_748.jpg,0
image_749.jpg,1
image_750.jpg,1
image_751.jpg,1
image_752.jpg,0
image_753.jpg,0
image_754.jpg,0
image_755.jpg,1
image_756.jpg,1
image_757.jpg,1
image_758.jpg,1
image_759.jpg,1
image_760.jpg,1
image_761.jpg,0
image_762.jpg,0
image_763.jpg,1
image_764.jpg,0
image_765.jpg,0
image_766.jpg,1
image_767.jpg,0
image_768.jpg,0
image_769.jpg,1
image_770.jpg,1
image_771.jpg,0
image_772.jpg,1
image_773.jpg,1
image_774.jpg,0
image_775.jpg,1
image_776.jpg,0
image_777.jpg,1
image_778.jpg,1
image_779.jpg,0
image_780.jpg,0
image_781.jpg,1
image_782.jpg,0
image_783.jpg,1
image_784.jpg,1
image_785.jpg,1
image_786.jpg,0
image_787.jpg,0
image_788.jpg,0
image_789.jpg,0
image_790.jpg,0
image_791.jpg,0
image_792.jpg,1
image_793.jpg,0
image_794.jpg,1
image_795.jpg,1
image_796.jpg,0
image_797.jpg,1
image_798.jpg,0
image_799.jpg,0
image_800.jpg,0
image_801.jpg,1
image_802.jpg,1
image_803.jpg,1
image_804.jpg,1
image_805.jpg,0
image_806.jpg,1
image_807.jpg,0
image_808.jpg,1
image_809.jpg,1
image_810.jpg,0
image_811.jpg,0
image_812.jpg,1
image_813.jpg,0
image_814.jpg,0
image_815.jpg,0
image_816.jpg,0
image_817.jpg,1
image_818.jpg,0
image_819.jpg,1
image_820.jpg,0
image_821.jpg,1
image_822.jpg,0
image_823.jpg,0
image_824.jpg,1
image_825.jpg,0
image_826.jpg,0
image_827.jpg,1
image_828.jpg,1
image_829.jpg,0
image_830.jpg,1
image_831.jpg,0
image_832.jpg,1
image_833.jpg,0
image_834.jpg,0
image_835.jpg,0
image_836.jpg,0
image_837.jpg,0
image_838.jpg,1
image_839.jpg,0
image_840.jpg,1
image_841.jpg,1
image_842.jpg,1
image_843.jpg,1
image_844.jpg,0
image_845.jpg,1
image_846.jpg,1
image_847.jpg,0
image_848.jpg,0
image_849.jpg,1
image_850.jpg,1
image_851.jpg,0
image_852.jpg,1
image_853.jpg,1
image_854.jpg,0
image_855.jpg,0
image_856.jpg,0
image_857.jpg,0
image_858.jpg,1
image_859.jpg,0
image_860.jpg,1
image_861.jpg,1
image_862.jpg,1
image_863.jpg,1
image_864.jpg,0
image_865.jpg,0
image_866.jpg,0
image_867.jpg,1
image_868.jpg,0
image_869.jpg,0
image_870.jpg,1
image_871.jpg,1
image_872.jpg,1
image_873.jpg,0
image_874.jpg,0
image_875.jpg,0
